{
  "_title": ["ff14今日塔罗"],
  "_author": ["星尘  牌堆图片来源：Twitter@Herodio2013 ​​​由weibo@Sleepingway转载"],
  "_date": ["2022/5/15"],
  "_version": ["1.5"],
  "今日塔罗": ["{%_塔罗牌堆}"],
  "单张塔罗": ["{%_塔罗牌堆}"],
  "抽塔罗": ["{%_塔罗牌堆}"],
  "圣三角牌阵": [
    "过去的经验：{_塔罗牌堆}\n问题的现状：{_塔罗牌堆}\n将来的预测：{_塔罗牌堆}"
  ],
  "四要素牌阵": [
    "火（行动力）：{_塔罗牌堆}\n水（情感）：{_塔罗牌堆}\n土（现实）：{_塔罗牌堆}\n风（思想）：{_塔罗牌堆}"
  ],
  "小十字牌阵": [
    "过去：{_塔罗牌堆}\n现在(左)：{_塔罗牌堆}\n现在(右)：{_塔罗牌堆}\n未来：{_塔罗牌堆}"
  ],
  "六芒星牌阵": [
    "起因：{简塔罗牌堆}\n现状：{简塔罗牌堆}\n未来：{简塔罗牌堆}\n对策：{简塔罗牌堆}\n周遭：{简塔罗牌堆}\n态度：{简塔罗牌堆}\n结果：{简塔罗牌堆}"
  ],
  "凯尔特十字牌阵": [
    "问题现状：{简塔罗牌堆}\n障碍助力：{简塔罗牌堆}\n理想状况：{简塔罗牌堆}\n基础条件：{简塔罗牌堆}\n过去状况：{简塔罗牌堆}\n未来发展：{简塔罗牌堆}\n自身现状：{简塔罗牌堆}\n周围环境：{简塔罗牌堆}\n希望恐惧：{简塔罗牌堆}\n最终结果：{简塔罗牌堆}"
  ],
  "_简塔罗牌堆": [
    "愚者（The Fool，0) 正位:\n憧憬自然的地方、毫无目的地前行、喜欢尝试挑战新鲜事物、四处流浪。美好的梦想。",
    "愚者（The Fool，0) 逆位:\n冒险的行动，追求可能性，重视梦想，无视物质的损失，离开家园，过于信赖别人，为出外旅行而烦恼。心情空虚、轻率的恋情、无法长久持续的融洽感、不安的爱情的旅程、对婚姻感到束缚、彼此忽冷忽热、不顾众人反对坠入爱河、为恋人的负心所伤、感情不专一。",
    "魔术师（The Magician，I) 正位:\n事情的开始，行动的改变，熟练的技术及技巧，贯彻我的意志，运用自然的力量来达到野心。",
    "魔术师（The Magician，I) 逆位:\n意志力薄弱，起头难，走入错误的方向，知识不足，被骗和失败。",
    "女祭司（The High Priestess，II) 正位:\n开发出内在的神秘潜力，前途将有所变化的预言，深刻地思考，敏锐的洞察力，准确的直觉。",
    "女祭司（The High Priestess，II) 逆位:\n过于洁癖，无知，贪心，目光短浅，自尊心过高，偏差的判断，有勇无谋，自命不凡。",
    "女皇（The Empress，III) 正位:\n幸福，成功，收获，无忧无虑，圆满的家庭生活，良好的环境，美貌，艺术，与大自然接触，愉快的旅行，休闲。",
    "女皇（The Empress，III) 逆位:\n不活泼，缺乏上进心，散漫的生活习惯，无法解决的事情，不能看到成果，担于享乐，环境险恶，与家人发生纠纷。",
    "皇帝（The Emperor，IV) 正位:\n光荣，权力，胜利，握有领导权，坚强的意志，达成目标，父亲的责任，精神上的孤单。",
    "皇帝（The Emperor，IV) 逆位:\n幼稚，无力，独裁，撒娇任性，平凡，没有自信，行动力不足，意志薄弱，被支配。",
    "教皇（The Hierophant，or the Pope，V) 正位:\n援助，同情，宽宏大量，可信任的人给予的劝告，良好的商量对象，得到精神上的满足，遵守规则，志愿者。",
    "教皇（The Hierophant，or the Pope，V) 逆位:\n错误的讯息，恶意的规劝，上当，援助被中断，愿望无法达成，被人利用，被放弃。",
    "恋人（The Lovers，VI) 正位:\n撮合，爱情，流行，兴趣，充满希望的未来，魅力，增加朋友。",
    "恋人（The Lovers，VI) 逆位:\n禁不起诱惑，纵欲过度，反覆无常，友情变淡，厌倦，争吵，华丽的打扮，优柔寡断。",
    "战车（The Chariot，VII) 正位:\n努力而获得成功，胜利，克服障碍，行动力，自立，尝试，自我主张，年轻男子，交通工具，旅行运大吉。",
    "战车（The Chariot，VII) 逆位:\n争论失败，发生纠纷，阻滞，违返规则，诉诸暴力，顽固的男子，突然的失败，不良少年，挫折和自私自利。",
    "力量（Strength，VIII） 正位:\n大胆的行动，有勇气的决断，新发展，大转机，异动，以意志力战胜困难，健壮的女人。",
    "力量（Strength，VIII） 逆位:\n胆小，输给强者，经不起诱惑，屈服在权威与常识之下，没有实践便告放弃，虚荣，懦弱，没有耐性。",
    "隐者（The Hermit，IX) 正位:\n隐藏的事实，个别的行动，倾听他人的意见，享受孤独，有益的警戒，年长者，避开危险，祖父，乡间生活。",
    "隐者（The Hermit，IX) 逆位:\n憎恨孤独，自卑，担心，幼稚思想，过于慎重导致失败，偏差，不宜旅行。",
    "命运之轮（The Wheel of Fortune，X) 正位:\n关键性的事件，有新的机会，因的潮流，环境的变化，幸运的开端，状况好转，问题解决，幸运之神降临。",
    "命运之轮（The Wheel of Fortune，X) 逆位:\n边疆的不行，挫折，计划泡汤，障碍，无法修正方向，往坏处发展，恶性循环，中断。",
    "正义（Justice，XI） 正位:\n公正、中立、诚实、心胸坦荡、表里如一、身兼二职、追求合理化、协调者、与法律有关、光明正大的交往、感情和睦。",
    "正义（Justice，XI） 逆位:\n失衡、偏见、纷扰、诉讼、独断专行、问心有愧、无法两全、表里不一、男女性格不合、情感波折、无视社会道德的恋情。",
    "倒吊人（The Hanged Man，XII) 正位:\n接受考验、行动受限、牺牲、不畏艰辛、不受利诱、有失必有得、吸取经验教训、浴火重生、广泛学习、奉献的爱。",
    "倒吊人（The Hanged Man，XII) 逆位:\n无谓的牺牲、骨折、厄运、不够努力、处于劣势、任性、利己主义者、缺乏耐心、受惩罚、逃避爱情、没有结果的恋情。",
    "死神（Death，XIII) 正位:\n失败、接近毁灭、生病、失业、维持停滞状态、持续的损害、交易停止、枯燥的生活、别离、重新开始、双方有很深的鸿沟、恋情终止。",
    "死神（Death，XIII) 逆位:\n抱有一线希望、起死回生、回心转意、摆脱低迷状态、挽回名誉、身体康复、突然改变计划、逃避现实、斩断情丝、与旧情人相逢。",
    "节制（Temperance，XIV) 正位:\n单纯、调整、平顺、互惠互利、好感转为爱意、纯爱、深爱。",
    "节制（Temperance，XIV) 逆位:\n消耗、下降、疲劳、损失、不安、不融洽、爱情的配合度不佳。",
    "恶魔（The Devil ，XV) 正位:\n被束缚、堕落、生病、恶意、屈服、欲望的俘虏、不可抗拒的诱惑、颓废的生活、举债度日、不可告人的秘密、私密恋情。",
    "恶魔（The Devil ，XV) 逆位:\n逃离拘束、解除困扰、治愈病痛、告别过去、暂停、别离、拒绝诱惑、舍弃私欲、别离时刻、爱恨交加的恋情。",
    "塔（The Tower，XVI) 正位:\n破产、逆境、被开除、急病、致命的打击、巨大的变动、受牵连、信念崩溃、玩火自焚、纷扰不断、突然分离，破灭的爱。",
    "塔（The Tower，XVI) 逆位:\n困境、内讧、紧迫的状态、状况不佳、趋于稳定、骄傲自大将付出代价、背水一战、分离的预感、爱情危机。",
    "星星（The Star，XVII) 正位:\n前途光明、充满希望、想象力、创造力、幻想、满足愿望、水准提高、理想的对象、美好的恋情。",
    "星星（The Star，XVII) 逆位:\n挫折、失望、好高骛远、异想天开、仓皇失措、事与愿违、工作不顺心、情况悲观、秘密恋情、缺少爱的生活。",
    "月亮（The Moon，XVIII) 正位:\n不安、迷惑、动摇、谎言、欺骗、鬼迷心窍、动荡的爱、三角关系。",
    "月亮（The Moon，XVIII) 逆位:\n逃脱骗局、解除误会、状况好转、预知危险、等待、正视爱情的裂缝。",
    "太阳（The Sun，XIX) 正位:\n活跃、丰富的生命力、充满生机、精力充沛、工作顺利、贵人相助、幸福的婚姻、健康的交际。",
    "太阳（The Sun，XIX) 逆位:\n消沉、体力不佳、缺乏连续性、意气消沉、生活不安、人际关系不好、感情波动、离婚。",
    "审判（Judgement，XX) 正位:\n复活的喜悦、康复、坦白、好消息、好运气、初露锋芒、复苏的爱、重逢、爱的奇迹。",
    "审判（Judgement，XX) 逆位:\n一蹶不振、幻灭、隐瞒、坏消息、无法决定、缺少目标、没有进展、消除、恋恋不舍。",
    "世界（The World，XXI) 正位:\n完成、成功、完美无缺、连续不断、精神亢奋、拥有毕生奋斗的目标、完成使命、幸运降临、快乐的结束、模范情侣。",
    "世界（The World，XXI) 逆位:\n未完成、失败、准备不足、盲目接受、一时不顺利、半途而废、精神颓废、饱和状态、合谋、态度不够融洽、感情受挫。"
],
  "_塔罗牌堆": [
    "愚者 (The Fool，0)\n正位\n憧憬自然的地方、毫无目的地前行、喜欢尝试挑战新鲜事物、四处流浪。美好的梦想。[CQ:image,file=data/images/TarotImages/The Fool.jpg]",
    "愚者（The Fool，0)\n逆位\n冒险的行动，追求可能性，重视梦想，无视物质的损失，离开家园，过于信赖别人，为出外旅行而烦恼。心情空虚、轻率的恋情、无法长久持续的融洽感、不安的爱情的旅程、对婚姻感到束缚、彼此忽冷忽热、不顾众人反对坠入爱河、为恋人的负心所伤、感情不专一。[CQ:image,file=data/images/TarotImages/1The Fool.jpg]",
    "魔术师（The Magician，I)\n正位:\n事情的开始，行动的改变，熟练的技术及技巧，贯彻我的意志，运用自然的力量来达到野心。[CQ:image,file=data/images/TarotImages/The Magician.jpg]",
    "魔术师（The Magician，I)\n逆位:\n意志力薄弱，起头难，走入错误的方向，知识不足，被骗和失败。[CQ:image,file=data/images/TarotImages/1The Magician.jpg]",
    "女祭司（The High Priestess，II)\n正位:\n开发出内在的神秘潜力，前途将有所变化的预言，深刻地思考，敏锐的洞察力，准确的直觉。[CQ:image,file=data/images/TarotImages/The High Priestess.jpg]",
    "女祭司（The High Priestess，II)\n逆位:\n过于洁癖，无知，贪心，目光短浅，自尊心过高，偏差的判断，有勇无谋，自命不凡。[CQ:image,file=data/images/TarotImages/1The High Priestess.jpg]",
    "女皇（The Empress，III)\n正位:\n幸福，成功，收获，无忧无虑，圆满的家庭生活，良好的环境，美貌，艺术，与大自然接触，愉快的旅行，休闲。[CQ:image,file=data/images/TarotImages/The Empress.jpg]",
    "女皇（The Empress，III)\n逆位:\n不活泼，缺乏上进心，散漫的生活习惯，无法解决的事情，不能看到成果，担于享乐，环境险恶，与家人发生纠纷。[CQ:image,file=data/images/TarotImages/1The Empress.jpg]",
    "皇帝（The Emperor，IV)\n正位:\n光荣，权力，胜利，握有领导权，坚强的意志，达成目标，父亲的责任，精神上的孤单。[CQ:image,file=data/images/TarotImages/The Emperor.jpg]",
    "皇帝（The Emperor，IV)\n逆位:\n幼稚，无力，独裁，撒娇任性，平凡，没有自信，行动力不足，意志薄弱，被支配。[CQ:image,file=data/images/TarotImages/1The Emperor.jpg]",
    "教皇（The Hierophant，or the Pope，V)\n正位:\n援助，同情，宽宏大量，可信任的人给予的劝告，良好的商量对象，得到精神上的满足，遵守规则，志愿者。[CQ:image,file=data/images/TarotImages/The Hierophant.jpg]",
    "教皇（The Hierophant，or the Pope，V)\n逆位:\n错误的讯息，恶意的规劝，上当，援助被中断，愿望无法达成，被人利用，被放弃。[CQ:image,file=data/images/TarotImages/1The Hierophant.jpg]",
    "恋人（The Lovers，VI)\n正位:\n撮合，爱情，流行，兴趣，充满希望的未来，魅力，增加朋友。[CQ:image,file=data/images/TarotImages/The Lovers.jpg]",
    "恋人（The Lovers，VI)\n逆位:\n禁不起诱惑，纵欲过度，反覆无常，友情变淡，厌倦，争吵，华丽的打扮，优柔寡断。[CQ:image,file=data/images/TarotImages/1The Lovers.jpg]",
    "战车（The Chariot，VII)\n正位:\n努力而获得成功，胜利，克服障碍，行动力，自立，尝试，自我主张，年轻男子，交通工具，旅行运大吉。[CQ:image,file=data/images/TarotImages/The Chariot.jpg]",
    "战车（The Chariot，VII)\n逆位:\n争论失败，发生纠纷，阻滞，违返规则，诉诸暴力，顽固的男子，突然的失败，不良少年，挫折和自私自利。[CQ:image,file=data/images/TarotImages/1The Chariot.jpg]",
    "力量（Strength，VIII）\n正位:\n大胆的行动，有勇气的决断，新发展，大转机，异动，以意志力战胜困难，健壮的女人。[CQ:image,file=data/images/TarotImages/Strength.jpg]",
    "力量（Strength，VIII）\n逆位:\n胆小，输给强者，经不起诱惑，屈服在权威与常识之下，没有实践便告放弃，虚荣，懦弱，没有耐性。[CQ:image,file=data/images/TarotImages/1Strength.jpg]",
    "隐者（The Hermit，IX)\n正位:\n隐藏的事实，个别的行动，倾听他人的意见，享受孤独，有益的警戒，年长者，避开危险，祖父，乡间生活。[CQ:image,file=data/images/TarotImages/The Hermi.jpg]",
    "隐者（The Hermit，IX)\n逆位:\n憎恨孤独，自卑，担心，幼稚思想，过于慎重导致失败，偏差，不宜旅行。[CQ:image,file=data/images/TarotImages/1The Hermi.jpg]",
    "命运之轮（The Wheel of Fortune，X)\n正位:\n关键性的事件，有新的机会，因的潮流，环境的变化，幸运的开端，状况好转，问题解决，幸运之神降临。[CQ:image,file=data/images/TarotImages/The Wheel of Fortune.jpg]",
    "命运之轮（The Wheel of Fortune，X)\n逆位:\n边疆的不行，挫折，计划泡汤，障碍，无法修正方向，往坏处发展，恶性循环，中断。[CQ:image,file=data/images/TarotImages/1The Wheel of Fortune.jpg]",
    "正义（Justice，XI）\n正位:\n公正、中立、诚实、心胸坦荡、表里如一、身兼二职、追求合理化、协调者、与法律有关、光明正大的交往、感情和睦。[CQ:image,file=data/images/TarotImages/Justice.jpg]",
    "正义（Justice，XI）\n逆位:\n失衡、偏见、纷扰、诉讼、独断专行、问心有愧、无法两全、表里不一、男女性格不合、情感波折、无视社会道德的恋情。[CQ:image,file=data/images/TarotImages/1Justice.jpg]",
    "倒吊人（The Hanged Man，XII)\n正位:\n接受考验、行动受限、牺牲、不畏艰辛、不受利诱、有失必有得、吸取经验教训、浴火重生、广泛学习、奉献的爱。[CQ:image,file=data/images/TarotImages/The Hanged Man.jpg]",
    "倒吊人（The Hanged Man，XII)\n逆位:\n无谓的牺牲、骨折、厄运、不够努力、处于劣势、任性、利己主义者、缺乏耐心、受惩罚、逃避爱情、没有结果的恋情。[CQ:image,file=data/images/TarotImages/1The Hanged Man.jpg]",
    "死神（Death，XIII)\n正位:\n失败、接近毁灭、生病、失业、维持停滞状态、持续的损害、交易停止、枯燥的生活、别离、重新开始、双方有很深的鸿沟、恋情终止。[CQ:image,file=data/images/TarotImages/Death.jpg]",
    "死神（Death，XIII)\n逆位:\n抱有一线希望、起死回生、回心转意、摆脱低迷状态、挽回名誉、身体康复、突然改变计划、逃避现实、斩断情丝、与旧情人相逢。[CQ:image,file=data/images/TarotImages/1Death.jpg]",
    "节制（Temperance，XIV)\n正位:\n单纯、调整、平顺、互惠互利、好感转为爱意、纯爱、深爱。[CQ:image,file=data/images/TarotImages/Temperance.jpg]",
    "节制（Temperance，XIV)\n逆位:\n消耗、下降、疲劳、损失、不安、不融洽、爱情的配合度不佳。[CQ:image,file=data/images/TarotImages/1Temperance.jpg]",
    "恶魔（The Devil ，XV)\n正位:\n被束缚、堕落、生病、恶意、屈服、欲望的俘虏、不可抗拒的诱惑、颓废的生活、举债度日、不可告人的秘密、私密恋情。[CQ:image,file=data/images/TarotImages/The Devil.jpg]",
    "恶魔（The Devil ，XV)\n逆位:\n逃离拘束、解除困扰、治愈病痛、告别过去、暂停、别离、拒绝诱惑、舍弃私欲、别离时刻、爱恨交加的恋情。[CQ:image,file=data/images/TarotImages/1The Devil.jpg]",
    "塔（The Tower，XVI)\n正位:\n破产、逆境、被开除、急病、致命的打击、巨大的变动、受牵连、信念崩溃、玩火自焚、纷扰不断、突然分离，破灭的爱。[CQ:image,file=data/images/TarotImages/The Tower.jpg]",
    "塔（The Tower，XVI)\n逆位:\n困境、内讧、紧迫的状态、状况不佳、趋于稳定、骄傲自大将付出代价、背水一战、分离的预感、爱情危机。[CQ:image,file=data/images/TarotImages/1The Tower.jpg]",
    "星星（The Star，XVII)\n正位:\n前途光明、充满希望、想象力、创造力、幻想、满足愿望、水准提高、理想的对象、美好的恋情。[CQ:image,file=data/images/TarotImages/The Star.jpg]",
    "星星（The Star，XVII)\n逆位:\n挫折、失望、好高骛远、异想天开、仓皇失措、事与愿违、工作不顺心、情况悲观、秘密恋情、缺少爱的生活。[CQ:image,file=data/images/TarotImages/1The Star.jpg]",
    "月亮（The Moon，XVIII)\n正位:\n不安、迷惑、动摇、谎言、欺骗、鬼迷心窍、动荡的爱、三角关系。[CQ:image,file=data/images/TarotImages/The Moon.jpg]",
    "月亮（The Moon，XVIII)\n逆位:\n逃脱骗局、解除误会、状况好转、预知危险、等待、正视爱情的裂缝。[CQ:image,file=data/images/TarotImages/1The Moon.jpg]",
    "太阳（The Sun，XIX)\n正位:\n活跃、丰富的生命力、充满生机、精力充沛、工作顺利、贵人相助、幸福的婚姻、健康的交际。[CQ:image,file=data/images/TarotImages/The Sun.jpg]",
    "太阳（The Sun，XIX)\n逆位:\n消沉、体力不佳、缺乏连续性、意气消沉、生活不安、人际关系不好、感情波动、离婚。[CQ:image,file=data/images/TarotImages/1The Sun.jpg]",
    "审判（Judgement，XX)\n正位:\n复活的喜悦、康复、坦白、好消息、好运气、初露锋芒、复苏的爱、重逢、爱的奇迹。[CQ:image,file=data/images/TarotImages/Judgement.jpg]",
    "审判（Judgement，XX)\n逆位:\n一蹶不振、幻灭、隐瞒、坏消息、无法决定、缺少目标、没有进展、消除、恋恋不舍。[CQ:image,file=data/images/TarotImages/1Judgement.jpg]",
    "世界（The World，XXI)\n正位:\n完成、成功、完美无缺、连续不断、精神亢奋、拥有毕生奋斗的目标、完成使命、幸运降临、快乐的结束、模范情侣。[CQ:image,file=data/images/TarotImages/The World.jpg]",
    "世界（The World，XXI)\n逆位:\n未完成、失败、准备不足、盲目接受、一时不顺利、半途而废、精神颓废、饱和状态、合谋、态度不够融洽、感情受挫。[CQ:image,file=data/images/TarotImages/1The World.jpg]"
  ]
}
